{"cameraMode":{"drawMode":0,"name":"Shaded","section":"Shading Mode"},"sceneLighting":false,"audioPlay":false,"sceneViewState":{"m_AlwaysRefresh":false,"showFog":true,"showSkybox":false,"showFlares":true,"showImageEffects":true,"showParticleSystems":true,"showVisualEffectGraphs":true,"m_FxEnabled":true},"in2DMode":false,"pivot":{"x":0.007075518369674683,"y":0.2317807376384735,"z":-0.003387361764907837},"rotation":{"x":0.11421219259500504,"y":-0.08631819486618042,"z":0.009961036033928395,"w":0.9896532297134399},"size":0.5588079690933228,"orthographic":false}