{"cameraMode":{"drawMode":0,"name":"Shaded","section":"Shading Mode"},"sceneLighting":false,"audioPlay":false,"sceneViewState":{"m_AlwaysRefresh":false,"showFog":true,"showSkybox":false,"showFlares":true,"showImageEffects":true,"showParticleSystems":true,"showVisualEffectGraphs":true,"m_FxEnabled":true},"in2DMode":false,"pivot":{"x":-0.0044023990631103519,"y":0.6965090036392212,"z":0.002451181411743164},"rotation":{"x":0.11421219259500504,"y":-0.08631819486618042,"z":0.009961036033928395,"w":0.9896532297134399},"size":0.999034583568573,"orthographic":false}